{
  "timesteps": 110000,
  "total_timesteps": 200000,
  "progress_pct": 55.00000000000001,
  "episodes": 0,
  "winning_episodes": 0,
  "win_rate": 0.0,
  "cumulative_reward": 0.0,
  "saved_at": "2026-01-27T21:17:47.702865",
  "checkpoint_file": "ppo_checkpoint_110000.zip"
}